{
  "CreationDate": "2018-10-5",
  "Commands": [
    {
      "Command": "store",
      "Target": "fast",
      "Value": "!replayspeed"
    },
    {
      "Command": "open",
      "Target": "https://a9t9.com/kantu/demo/csvsave",
      "Value": ""
    },
    {
      "Command": "storeEval",
      "Target": "new Date().getFullYear()+\"-\"+(new Date().getMonth()+1)+\"-\"+new Date().getDate()+\" \"+ new Date().getHours()+\":\" + new Date().getMinutes() + \":\" + new Date().getSeconds()",
      "Value": "timestamp"
    },
    {
      "Command": "store",
      "Target": "${timestamp}",
      "Value": "!csvLine"
    },
    {
      "Command": "echo",
      "Target": "First column in the CSV is time (${timestamp})",
      "Value": ""
    },
    {
      "Command": "echo",
      "Target": "Set i = 1 as we start the extraction with the 2nd table cell.",
      "Value": ""
    },
    {
      "Command": "store",
      "Target": "1",
      "Value": "i"
    },
    {
      "Command": "while",
      "Target": "(${i} < 8)",
      "Value": ""
    },
    {
      "Command": "storeEval",
      "Target": "${i}+1",
      "Value": "i"
    },
    {
      "Command": "echo",
      "Target": "Current value of i = ${i}",
      "Value": "i"
    },
    {
      "Command": "storeText",
      "Target": "//*[@id=\"gcw_mainFNGP5XSu6\"]/div[2]/table/tbody/tr[2]/td[${i}]/a",
      "Value": "c2"
    },
    {
      "Command": "store",
      "Target": "${c2}",
      "Value": "!csvLine"
    },
    {
      "Command": "echo",
      "Target": "Extracted Value for i=${i} is exchange rate = ${c2}",
      "Value": ""
    },
    {
      "Command": "endWhile",
      "Target": "",
      "Value": ""
    },
    {
      "Command": "echo",
      "Target": "${!csvLine}",
      "Value": ""
    },
    {
      "Command": "comment",
      "Target": "Append content of !csvLine to CSV file (or create file if none exists)",
      "Value": ""
    },
    {
      "Command": "csvSave",
      "Target": "CurrencyConverterData",
      "Value": ""
    },
    {
      "Command": "comment",
      "Target": "If needed, you can download (save) the CSV data from the CSV tab to the the download folder",
      "Value": ""
    },
    {
      "Command": "localStorageExport",
      "Target": "currencyconverterdata.csv",
      "Value": ""
    }
  ]
}