{
  "CreationDate": "2018-10-5",
  "Commands": [
    {
      "Command": "open",
      "Target": "https://a9t9.com/kantu/demo/storeeval",
      "Value": ""
    },
    {
      "Command": "type",
      "Target": "id=sometext",
      "Value": "Start..."
    },
    {
      "Command": "click",
      "Target": "//*[@id=\"content\"]/div[2]/div/p[3]/button[1]",
      "Value": ""
    },
    {
      "Command": "echo",
      "Target": "Kantu IDE closes dialog boxes automatially. You need assertAlert (etc) only to verify expected texts.",
      "Value": ""
    },
    {
      "Command": "assertAlert",
      "Target": "Hello\\nHow are you?",
      "Value": ""
    },
    {
      "Command": "click",
      "Target": "//*[@id=\"content\"]/div[2]/div/p[3]/button[2]",
      "Value": ""
    },
    {
      "Command": "assertConfirmation",
      "Target": "Press a button!",
      "Value": ""
    },
    {
      "Command": "answerOnNextPrompt",
      "Target": "I am Kantu for Chrome...",
      "Value": ""
    },
    {
      "Command": "click",
      "Target": "//*[@id=\"content\"]/div[2]/div/p[3]/button[3]",
      "Value": ""
    },
    {
      "Command": "assertPrompt",
      "Target": "Please enter your name",
      "Value": ""
    },
    {
      "Command": "type",
      "Target": "id=sometext",
      "Value": "Done!"
    }
  ]
}