{
  "CreationDate": "2018-10-5",
  "Commands": [
    {
      "Command": "store",
      "Target": "180",
      "Value": "!timeout_macro"
    },
    {
      "Command": "store",
      "Target": "fast",
      "Value": "!replayspeed"
    },
    {
      "Command": "comment",
      "Target": "The file ReadCSVTestData.csv is pre-installed with Kantu.",
      "Value": ""
    },
    {
      "Command": "csvRead",
      "Target": "ReadCSVTestData.csv",
      "Value": ""
    },
    {
      "Command": "echo",
      "Target": "Status = ${!csvReadStatus}, line = ${!csvReadLineNumber}",
      "Value": ""
    },
    {
      "Command": "while",
      "Target": "\"${!csvReadStatus}\" == \"OK\"",
      "Value": ""
    },
    {
      "Command": "echo",
      "Target": "status = ${!csvReadStatus}, line = ${!csvReadLineNumber}",
      "Value": ""
    },
    {
      "Command": "open",
      "Target": "https://docs.google.com/forms/d/e/1FAIpQLScGWVjexH2FNzJqPACzuzBLlTWMJHgLUHjxehtU-2cJxtu6VQ/viewform",
      "Value": ""
    },
    {
      "Command": "type",
      "Target": "name=entry.933434489",
      "Value": "${!COL1}_${!csvReadLineNumber}"
    },
    {
      "Command": "type",
      "Target": "name=entry.2004105717",
      "Value": "${!COL2}"
    },
    {
      "Command": "type",
      "Target": "name=entry.1382578664",
      "Value": "${!COL3}"
    },
    {
      "Command": "clickAndWait",
      "Target": "//*[@id=\"mG61Hd\"]/div/div[2]/div[3]/div[1]/div/div/content/span",
      "Value": ""
    },
    {
      "Command": "storeEval",
      "Target": "${!csvReadLineNumber}+1",
      "Value": "!csvReadLineNumber"
    },
    {
      "Command": "store",
      "Target": "true",
      "Value": "!errorIgnore"
    },
    {
      "Command": "echo",
      "Target": "Reading CSV line No.  ${!csvReadLineNumber} ",
      "Value": "!errorIgnore"
    },
    {
      "Command": "csvRead",
      "Target": "ReadCSVTestData.csv",
      "Value": ""
    },
    {
      "Command": "store",
      "Target": "false",
      "Value": "!errorIgnore"
    },
    {
      "Command": "endWhile",
      "Target": "",
      "Value": ""
    }
  ]
}