{
  "CreationDate": "2018-10-5",
  "Commands": [
    {
      "Command": "open",
      "Target": "https://a9t9.com/kantu/demo/iframes",
      "Value": ""
    },
    {
      "Command": "click",
      "Target": "//*[@id=\"content\"]/div[2]/div/p[1]",
      "Value": ""
    },
    {
      "Command": "click",
      "Target": "//*[@id=\"content\"]/div[2]/div/h2[1]",
      "Value": ""
    },
    {
      "Command": "comment",
      "Target": "First iframe: Embedded Google Doc",
      "Value": ""
    },
    {
      "Command": "selectFrame",
      "Target": "index=0",
      "Value": ""
    },
    {
      "Command": "click",
      "Target": "//*[@id=\"mG61Hd\"]/div/div[2]/div[2]/div[1]/div[2]/div/content/div/div/label/div/div[1]/div[3]/div",
      "Value": ""
    },
    {
      "Command": "click",
      "Target": "css=input.quantumWizTextinputSimpleinputInput.exportInput",
      "Value": ""
    },
    {
      "Command": "type",
      "Target": "css=input.quantumWizTextinputSimpleinputInput.exportInput",
      "Value": "hello iframe"
    },
    {
      "Command": "click",
      "Target": "css=div.quantumWizTogglePapercheckboxInnerBox.exportInnerBox",
      "Value": ""
    },
    {
      "Command": "click",
      "Target": "//*[@id=\"mG61Hd\"]/div/div[2]/div[2]/div[2]/div[2]/div[2]/div/label/div/div[1]/div[2]",
      "Value": ""
    },
    {
      "Command": "click",
      "Target": "//*[@id=\"mG61Hd\"]/div/div[2]/div[2]/div[2]/div[2]/div[3]/div/label/div/div[1]/div[2]",
      "Value": ""
    },
    {
      "Command": "selectFrame",
      "Target": "relative=top",
      "Value": ""
    },
    {
      "Command": "comment",
      "Target": "Second iframe: Embedded Youtube Video",
      "Value": ""
    },
    {
      "Command": "selectFrame",
      "Target": "index=1",
      "Value": ""
    },
    {
      "Command": "click",
      "Target": "css=button.ytp-large-play-button.ytp-button",
      "Value": ""
    },
    {
      "Command": "selectFrame",
      "Target": "relative=top",
      "Value": ""
    },
    {
      "Command": "comment",
      "Target": "Third iframe: Embedded Twitter + click links that open new tabs, then switch to them",
      "Value": ""
    },
    {
      "Command": "selectFrame",
      "Target": "id=twitter-widget-0",
      "Value": ""
    },
    {
      "Command": "click",
      "Target": "link=@A9T9_com",
      "Value": ""
    },
    {
      "Command": "pause",
      "Target": "2000",
      "Value": ""
    },
    {
      "Command": "selectWindow",
      "Target": "tab=1",
      "Value": ""
    },
    {
      "Command": "click",
      "Target": "link=a9t9.com",
      "Value": ""
    },
    {
      "Command": "comment",
      "Target": "Wait for tab to open",
      "Value": ""
    },
    {
      "Command": "pause",
      "Target": "2000",
      "Value": ""
    },
    {
      "Command": "selectWindow",
      "Target": "tab=2",
      "Value": ""
    },
    {
      "Command": "clickAndWait",
      "Target": "link=Kantu Sel. IDE - Docs",
      "Value": ""
    }
  ]
}