{
  "CreationDate": "2018-10-5",
  "Commands": [
    {
      "Command": "open",
      "Target": "https://a9t9.com/demo/webtest/frames/",
      "Value": ""
    },
    {
      "Command": "echo",
      "Target": "Reduce replay speed so we can better see what is going on...",
      "Value": ""
    },
    {
      "Command": "store",
      "Target": "medium",
      "Value": "!replayspeed"
    },
    {
      "Command": "selectFrame",
      "Target": "index=0",
      "Value": ""
    },
    {
      "Command": "click",
      "Target": "name=mytext1",
      "Value": ""
    },
    {
      "Command": "type",
      "Target": "name=mytext1",
      "Value": "Frame1 (index=0)"
    },
    {
      "Command": "selectFrame",
      "Target": "relative=top",
      "Value": ""
    },
    {
      "Command": "selectFrame",
      "Target": "index=1",
      "Value": ""
    },
    {
      "Command": "click",
      "Target": "name=mytext2",
      "Value": ""
    },
    {
      "Command": "type",
      "Target": "name=mytext2",
      "Value": "Frame2 (index=1)"
    },
    {
      "Command": "selectFrame",
      "Target": "relative=top",
      "Value": ""
    },
    {
      "Command": "selectFrame",
      "Target": "index=2",
      "Value": ""
    },
    {
      "Command": "click",
      "Target": "name=mytext3",
      "Value": ""
    },
    {
      "Command": "type",
      "Target": "name=mytext3",
      "Value": "Frame3 (index=2)"
    },
    {
      "Command": "selectFrame",
      "Target": "relative=top",
      "Value": ""
    },
    {
      "Command": "selectFrame",
      "Target": "index=3",
      "Value": ""
    },
    {
      "Command": "click",
      "Target": "name=mytext4",
      "Value": ""
    },
    {
      "Command": "type",
      "Target": "name=mytext4",
      "Value": "Frame4 (index=3)"
    },
    {
      "Command": "selectFrame",
      "Target": "relative=top",
      "Value": ""
    },
    {
      "Command": "selectFrame",
      "Target": "index=4",
      "Value": ""
    },
    {
      "Command": "click",
      "Target": "name=mytext5",
      "Value": ""
    },
    {
      "Command": "type",
      "Target": "name=mytext5",
      "Value": "Frame5 (index=4)"
    },
    {
      "Command": "selectFrame",
      "Target": "relative=top",
      "Value": ""
    },
    {
      "Command": "selectFrame",
      "Target": "index=2",
      "Value": ""
    },
    {
      "Command": "type",
      "Target": "name=mytext3",
      "Value": "now testing iframe inside this frame"
    },
    {
      "Command": "selectFrame",
      "Target": "index=0",
      "Value": ""
    },
    {
      "Command": "click",
      "Target": "//*[@id=\"mG61Hd\"]/div/div[2]/div[2]/div[1]/div[2]/div/content/div/div/label/div/div[1]/div[3]/div",
      "Value": ""
    },
    {
      "Command": "click",
      "Target": "css=input.quantumWizTextinputSimpleinputInput.exportInput",
      "Value": ""
    },
    {
      "Command": "type",
      "Target": "css=input.quantumWizTextinputSimpleinputInput.exportInput",
      "Value": "iframe in frame: works!"
    },
    {
      "Command": "selectFrame",
      "Target": "relative=top",
      "Value": ""
    },
    {
      "Command": "selectFrame",
      "Target": "index=2",
      "Value": ""
    },
    {
      "Command": "type",
      "Target": "name=mytext3",
      "Value": "Test completed!"
    }
  ]
}