{
  "CreationDate": "2018-10-5",
  "Commands": [
    {
      "Command": "store",
      "Target": "fast",
      "Value": "!replayspeed"
    },
    {
      "Command": "store",
      "Target": "15",
      "Value": "!TIMEOUT_WAIT"
    },
    {
      "Command": "store",
      "Target": "60",
      "Value": "!TIMEOUT_PAGELOAD"
    },
    {
      "Command": "open",
      "Target": "https://docs.google.com/forms/d/e/1FAIpQLScPXRMtYI_KYL8J6fivHUV0hQKB7j1RtqTrBBUtEr8VMmyCqw/viewform",
      "Value": ""
    },
    {
      "Command": "click",
      "Target": "css=span.docssharedWizToggleLabeledLabelText.exportLabel.freebirdFormviewerViewItemsRadioLabel",
      "Value": ""
    },
    {
      "Command": "click",
      "Target": "css=div.quantumWizTogglePaperradioEl.docssharedWizToggleLabeledControl.freebirdThemedRadio.freebirdThemedRadioDarkerDisabled.freebirdFormviewerViewItemsRadioControl",
      "Value": ""
    },
    {
      "Command": "click",
      "Target": "css=div.quantumWizTogglePapercheckboxInnerBox.exportInnerBox",
      "Value": ""
    },
    {
      "Command": "click",
      "Target": "//*[@id=\"mG61Hd\"]/div/div[2]/div[2]/div[2]/div[2]/div[2]/div/label/div/div[1]/div[2]",
      "Value": ""
    },
    {
      "Command": "click",
      "Target": "//*[@id=\"mG61Hd\"]/div/div[2]/div[2]/div[2]/div[2]/div[3]/div/label/div/div[1]/div[2]",
      "Value": ""
    },
    {
      "Command": "click",
      "Target": "css=content.quantumWizMenuPaperselectContent.exportContent",
      "Value": ""
    },
    {
      "Command": "click",
      "Target": "//*[@id=\"mG61Hd\"]/div/div[2]/div[2]/div[3]/div[2]/div[2]/div[4]/content",
      "Value": ""
    },
    {
      "Command": "captureScreenshot",
      "Target": "AutoFill1stPage${!LOOP}",
      "Value": ""
    },
    {
      "Command": "clickAndWait",
      "Target": "css=span.quantumWizButtonPaperbuttonLabel.exportLabel",
      "Value": ""
    },
    {
      "Command": "click",
      "Target": "name=entry.1572386418",
      "Value": ""
    },
    {
      "Command": "type",
      "Target": "name=entry.1572386418",
      "Value": "This is a single line test..."
    },
    {
      "Command": "click",
      "Target": "name=entry.1569542411",
      "Value": ""
    },
    {
      "Command": "type",
      "Target": "name=entry.1569542411",
      "Value": "...and this a multiline test:\nLine2\nLine3"
    },
    {
      "Command": "captureScreenshot",
      "Target": "AutoFill2ndPage${!LOOP}",
      "Value": ""
    },
    {
      "Command": "pause",
      "Target": "1000",
      "Value": ""
    },
    {
      "Command": "clickAndWait",
      "Target": "//*[@id=\"mG61Hd\"]/div/div[2]/div[3]/div[1]/div[1]/div[2]/div[2]",
      "Value": ""
    },
    {
      "Command": "captureScreenshot",
      "Target": "AutoFill3rdPage${!LOOP}",
      "Value": ""
    },
    {
      "Command": "echo",
      "Target": "DemoAutofill macro completed (shown as notifcation because of #shownotification in the 3rd column)",
      "Value": "#shownotification"
    }
  ]
}