{
  "CreationDate": "2018-10-5",
  "Commands": [
    {
      "Command": "open",
      "Target": "https://a9t9.com/blog/",
      "Value": ""
    },
    {
      "Command": "captureEntirePageScreenshot",
      "Target": "a9t9blog",
      "Value": ""
    },
    {
      "Command": "clickAndWait",
      "Target": "link=read more@POS=1",
      "Value": ""
    },
    {
      "Command": "captureEntirePageScreenshot",
      "Target": "article1",
      "Value": ""
    },
    {
      "Command": "open",
      "Target": "https://a9t9.com/blog/",
      "Value": ""
    },
    {
      "Command": "clickAndWait",
      "Target": "link=read more@POS=2",
      "Value": ""
    },
    {
      "Command": "captureEntirePageScreenshot",
      "Target": "article2",
      "Value": ""
    },
    {
      "Command": "captureScreenshot",
      "Target": "article2_just_viewport",
      "Value": ""
    },
    {
      "Command": "comment",
      "Target": "take screenshot of an _element_ with storeImage",
      "Value": ""
    },
    {
      "Command": "storeImage",
      "Target": "link=The Autonomous Technology (A9T9) Blog",
      "Value": "blogtitle"
    }
  ]
}