{
  "CreationDate": "2018-10-5",
  "Commands": [
    {
      "Command": "store",
      "Target": "fast",
      "Value": "!replayspeed"
    },
    {
      "Command": "comment",
      "Target": "The file ReadCSVTestData.csv is pre-installed with Kantu.",
      "Value": ""
    },
    {
      "Command": "csvRead",
      "Target": "ReadCSVTestData.csv",
      "Value": ""
    },
    {
      "Command": "open",
      "Target": "https://docs.google.com/forms/d/e/1FAIpQLScGWVjexH2FNzJqPACzuzBLlTWMJHgLUHjxehtU-2cJxtu6VQ/viewform",
      "Value": ""
    },
    {
      "Command": "type",
      "Target": "name=entry.933434489",
      "Value": "${!COL1}"
    },
    {
      "Command": "type",
      "Target": "name=entry.2004105717",
      "Value": "${!COL2}"
    },
    {
      "Command": "type",
      "Target": "name=entry.1382578664",
      "Value": "${!COL3}"
    },
    {
      "Command": "clickAndWait",
      "Target": "//*[@id=\"mG61Hd\"]/div/div[2]/div[3]/div[1]/div/div/content/span",
      "Value": ""
    }
  ]
}