{
  "CreationDate": "2018-10-5",
  "Commands": [
    {
      "Command": "open",
      "Target": "${globalURL}/Private/DataEntry/Create?otherFirstName=Dogan&otherLastName=Cibiceli",
      "Value": ""
    },
    {
      "Command": "type",
      "Target": "id=DataEntryWaiver_ProjectName",
      "Value": "another project for dpa waivers"
    },
    {
      "Command": "type",
      "Target": "id=DataEntryWaiver_SubmittedOn",
      "Value": "0002-01-01"
    },
    {
      "Command": "type",
      "Target": "id=DataEntryWaiver_SubmittedOn",
      "Value": "0020-01-01"
    },
    {
      "Command": "type",
      "Target": "id=DataEntryWaiver_SubmittedOn",
      "Value": "0201-01-01"
    },
    {
      "Command": "type",
      "Target": "id=DataEntryWaiver_SubmittedOn",
      "Value": "2010-01-01"
    },
    {
      "Command": "type",
      "Target": "id=DataEntryWaiver_CostEstimate",
      "Value": "100"
    },
    {
      "Command": "type",
      "Target": "id=DataEntryWaiver_WorkflowDescription",
      "Value": "a workflow"
    },
    {
      "Command": "type",
      "Target": "id=DataEntryWaiver_EstimatedNumberofFTE",
      "Value": "3"
    },
    {
      "Command": "type",
      "Target": "id=DataEntryWaiver_EstimatedNumberofHours",
      "Value": "3"
    },
    {
      "Command": "type",
      "Target": "id=DataEntryWaiver_EstimatedNumberofDocuments",
      "Value": "2"
    },
    {
      "Command": "type",
      "Target": "id=DataEntryWaiver_EstimatedNumberofFields",
      "Value": "2"
    },
    {
      "Command": "type",
      "Target": "id=DataEntryWaiver_SystemRequirementsDescription",
      "Value": "system requirements"
    },
    {
      "Command": "select",
      "Target": "id=DataEntryWaiver_KeyedIntoSystem",
      "Value": "label=No"
    },
    {
      "Command": "type",
      "Target": "id=DataEntryWaiver_ReasonForNotKeyedIntoSystem",
      "Value": "I don't know they just told me"
    },
    {
      "Command": "type",
      "Target": "id=DataEntryWaiver_ReasonDataEntryCenter",
      "Value": "because state does not have tools and technologies"
    },
    {
      "Command": "type",
      "Target": "id=DataEntryWaiver_AdditionalComments",
      "Value": "no comment"
    },
    {
      "Command": "clickAndWait",
      "Target": "id=createWaiver",
      "Value": ""
    },
    {
      "Command": "clickAndWait",
      "Target": "link=Add Invoice",
      "Value": ""
    },
    {
      "Command": "type",
      "Target": "id=BaseWaiverInvoice_VendorName",
      "Value": "V3333332"
    },
    {
      "Command": "type",
      "Target": "id=BaseWaiverInvoice_InvoiceDate",
      "Value": "2011-01-01"
    },
    {
      "Command": "type",
      "Target": "id=BaseWaiverInvoice_InvoiceNumber",
      "Value": "222222"
    },
    {
      "Command": "type",
      "Target": "id=BaseWaiverInvoice_InvoiceAmount",
      "Value": "3999.22"
    },
    {
      "Command": "type",
      "Target": "id=BaseWaiverInvoice_ReasonForDifference",
      "Value": "I think I underestimated by budget/cost estimate"
    },
    {
      "Command": "clickAndWait",
      "Target": "id=createInvoice",
      "Value": ""
    },
    {
      "Command": "click",
      "Target": "link=Delete",
      "Value": ""
    },
    {
      "Command": "clickAndWait",
      "Target": "link=Upload Supporting Documents",
      "Value": ""
    }
  ]
}